O-H-bond,dissociation energy
O-H-0.5,486.26802560674884
O-H-0.6,211.75781659133008
O-H-0.8,23.22167642924291
O-H-1.0,0.895698084813726
O-H-1.2,21.13631033337356
O-H-1.4,49.19442300653224
O-H-1.6,74.96587809391649
O-H-1.8,96.23222571047405
O-H-2.0,113.21396740210288
O-H-2.5,141.36457983597174
O-H-3.0,156.93718790831412
O-H-0.95985,-2.0267555885311596e-07
